Date,USD
11/07/2025,85.8536
10/07/2025,85.5780
09/07/2025,85.7979
08/07/2025,85.7188
07/07/2025,85.8150
04/07/2025,85.3886
03/07/2025,85.5121
02/07/2025,85.6928
01/07/2025,85.6179
30/06/2025,85.5439
27/06/2025,85.5594
26/06/2025,85.7528
25/06/2025,85.8732
24/06/2025,86.1043
23/06/2025,86.8080
20/06/2025,86.6133
19/06/2025,86.6994
18/06/2025,86.3030
17/06/2025,86.0978
16/06/2025,86.0242
13/06/2025,86.0979
12/06/2025,85.5353
11/06/2025,85.4542
10/06/2025,85.5949
09/06/2025,85.4984
06/06/2025,85.7883
05/06/2025,85.7730
04/06/2025,85.9579
03/06/2025,85.4576
02/06/2025,85.4353
30/05/2025,85.4778
29/05/2025,85.4976
28/05/2025,85.6873
27/05/2025,85.3220
26/05/2025,84.9004
23/05/2025,85.6821
22/05/2025,85.6653
21/05/2025,85.5546
20/05/2025,85.4582
19/05/2025,85.4910
16/05/2025,85.5665
15/05/2025,85.5871
14/05/2025,85.2982
13/05/2025,84.8888
09/05/2025,85.6438
08/05/2025,84.8642
07/05/2025,84.5715
06/05/2025,84.5436
05/05/2025,84.2369
02/05/2025,83.8568
30/04/2025,85.0535
29/04/2025,85.2005
28/04/2025,85.1980
25/04/2025,85.5788
24/04/2025,85.5085
23/04/2025,85.4372
22/04/2025,85.1003
21/04/2025,85.1622
17/04/2025,85.5703
16/04/2025,85.6464
15/04/2025,85.6905
11/04/2025,86.1441
09/04/2025,86.6171
08/04/2025,85.9085
07/04/2025,85.8087
04/04/2025,85.2281
03/04/2025,85.6468
02/04/2025,85.6024
28/03/2025,85.5814
27/03/2025,85.7610
26/03/2025,85.8683
25/03/2025,85.7302
24/03/2025,85.8318
21/03/2025,86.2184
20/03/2025,86.3040
19/03/2025,86.5016
18/03/2025,86.6705
17/03/2025,86.7920
13/03/2025,87.0833
12/03/2025,87.2605
11/03/2025,87.3267
10/03/2025,87.2392
07/03/2025,87.0612
06/03/2025,87.0859
05/03/2025,87.0896
04/03/2025,87.3786
03/03/2025,87.3314
28/02/2025,87.4006
27/02/2025,87.2119
25/02/2025,87.0022
24/02/2025,86.6916
21/02/2025,86.6466
20/02/2025,86.6995
18/02/2025,86.9742
17/02/2025,86.7721
14/02/2025,86.8862
13/02/2025,86.8822
12/02/2025,86.8461
11/02/2025,86.8861
10/02/2025,87.5858
07/02/2025,87.4782
06/02/2025,87.5617
05/02/2025,87.2237
04/02/2025,87.1206
03/02/2025,87.1162
31/01/2025,86.6414
30/01/2025,86.5842
29/01/2025,86.5768
28/01/2025,86.5358
27/01/2025,86.4175
24/01/2025,86.2904
23/01/2025,86.4593
22/01/2025,86.5661
21/01/2025,86.5139
20/01/2025,86.5481
17/01/2025,86.5844
16/01/2025,86.4854
15/01/2025,86.5008
14/01/2025,86.5497
13/01/2025,86.4368
10/01/2025,85.8956
09/01/2025,85.8806
08/01/2025,85.8443
07/01/2025,85.7191
06/01/2025,85.8279
03/01/2025,85.7598
02/01/2025,85.7853
01/01/2025,85.7090
31/12/2024,85.6232
30/12/2024,85.4655
27/12/2024,85.5914
26/12/2024,85.2684
24/12/2024,85.1932
23/12/2024,85.0713
20/12/2024,85.0880
19/12/2024,85.0739
18/12/2024,84.9370
17/12/2024,84.9264
16/12/2024,84.8259
13/12/2024,84.8411
12/12/2024,84.8732
11/12/2024,84.8427
10/12/2024,84.8531
09/12/2024,84.7305
06/12/2024,84.6578
05/12/2024,84.7335
04/12/2024,84.6885
03/12/2024,84.7450
02/12/2024,84.6812
29/11/2024,84.4971
28/11/2024,84.4917
27/11/2024,84.4708
26/11/2024,84.2835
25/11/2024,84.2776
22/11/2024,84.4975
21/11/2024,84.4561
19/11/2024,84.4036
18/11/2024,84.3875
14/11/2024,84.4050
13/11/2024,84.4063
12/11/2024,84.4011
11/11/2024,84.3848
08/11/2024,84.3751
07/11/2024,84.3562
06/11/2024,84.2366
05/11/2024,84.1225
04/11/2024,84.1055
31/10/2024,84.0886
30/10/2024,84.0847
29/10/2024,84.0783
28/10/2024,84.0775
25/10/2024,84.0771
24/10/2024,84.0738
23/10/2024,84.0750
22/10/2024,84.0718
21/10/2024,84.0744
18/10/2024,84.0710
17/10/2024,84.0304
16/10/2024,84.0696
15/10/2024,84.0736
14/10/2024,84.0725
11/10/2024,84.0586
10/10/2024,83.9685
09/10/2024,83.9620
08/10/2024,83.9399
07/10/2024,83.9719
04/10/2024,83.9660
03/10/2024,83.9492
01/10/2024,83.8149
30/09/2024,83.7888
27/09/2024,83.6688
26/09/2024,83.7009
25/09/2024,83.5471
24/09/2024,83.6319
23/09/2024,83.5128
20/09/2024,83.4922
19/09/2024,83.6172
17/09/2024,83.8302
16/09/2024,83.8939
13/09/2024,83.9180
12/09/2024,83.9843
11/09/2024,83.9508
10/09/2024,83.9750
09/09/2024,83.9425
06/09/2024,83.9308
05/09/2024,83.9825
04/09/2024,83.9682
03/09/2024,83.9525
02/09/2024,83.8759
30/08/2024,83.8709
29/08/2024,83.8899
28/08/2024,83.9671
27/08/2024,83.9424
26/08/2024,83.8504
23/08/2024,83.8746
22/08/2024,83.9569
21/08/2024,83.9183
20/08/2024,83.7804
19/08/2024,83.9201
16/08/2024,83.9561
14/08/2024,83.9366
13/08/2024,83.9696
12/08/2024,83.9691
09/08/2024,83.9000
08/08/2024,83.9584
07/08/2024,83.9519
06/08/2024,83.9078
05/08/2024,83.8390
02/08/2024,83.7375
01/08/2024,83.7251
31/07/2024,83.7440
30/07/2024,83.7328
29/07/2024,83.7371
26/07/2024,83.7272
25/07/2024,83.7075
24/07/2024,83.7028
23/07/2024,83.6625
22/07/2024,83.6654
19/07/2024,83.6405
18/07/2024,83.6393
16/07/2024,83.5781
15/07/2024,83.5658
12/07/2024,83.5385
11/07/2024,83.5342
10/07/2024,83.4923
09/07/2024,83.4843
08/07/2024,83.4755
05/07/2024,83.5000
04/07/2024,83.5016
03/07/2024,83.5337
02/07/2024,83.5150
01/07/2024,83.4043
28/06/2024,83.4534
27/06/2024,83.4896
26/06/2024,83.5409
25/06/2024,83.4275
24/06/2024,83.5138
21/06/2024,83.5860
20/06/2024,83.5265
19/06/2024,83.4251
18/06/2024,83.4817
14/06/2024,83.5458
13/06/2024,83.5469
12/06/2024,83.5645
11/06/2024,83.5054
10/06/2024,83.4919
07/06/2024,83.4257
06/06/2024,83.4649
05/06/2024,83.3898
04/06/2024,83.5021
03/06/2024,83.0659
31/05/2024,83.2988
30/05/2024,83.4231
29/05/2024,83.3270
28/05/2024,83.1644
27/05/2024,83.0838
24/05/2024,83.1219
22/05/2024,83.2301
21/05/2024,83.3614
17/05/2024,83.4815
16/05/2024,83.5011
15/05/2024,83.5092
14/05/2024,83.5201
13/05/2024,83.5234
10/05/2024,83.4946
09/05/2024,83.4976
08/05/2024,83.5147
07/05/2024,83.5015
06/05/2024,83.4725
03/05/2024,83.3795
02/05/2024,83.4526
30/04/2024,83.5187
29/04/2024,83.4392
26/04/2024,83.3395
25/04/2024,83.3758
24/04/2024,83.2987
23/04/2024,83.3765
22/04/2024,83.4113
19/04/2024,83.5214
18/04/2024,83.5170
16/04/2024,83.4982
15/04/2024,83.4422
12/04/2024,83.3931
10/04/2024,83.2253
08/04/2024,83.3176
05/04/2024,83.4073
04/04/2024,83.4475
03/04/2024,83.4204
02/04/2024,83.3585
28/03/2024,83.3739
27/03/2024,83.3255
26/03/2024,83.3559
22/03/2024,83.3546
21/03/2024,83.1308
20/03/2024,83.1022
19/03/2024,82.9401
18/03/2024,82.9078
15/03/2024,82.8919
14/03/2024,82.8709
13/03/2024,82.9027
12/03/2024,82.7450
11/03/2024,82.6770
07/03/2024,82.7785
06/03/2024,82.9078
05/03/2024,82.9271
04/03/2024,82.8954
01/03/2024,82.8702
29/02/2024,82.9246
28/02/2024,82.9155
27/02/2024,82.8915
26/02/2024,82.8856
23/02/2024,82.8865
22/02/2024,82.9240
21/02/2024,82.8851
20/02/2024,82.9704
16/02/2024,83.0375
15/02/2024,83.0119
14/02/2024,83.0864
13/02/2024,83.0190
12/02/2024,82.9954
09/02/2024,82.9995
08/02/2024,82.9762
07/02/2024,82.9765
06/02/2024,83.0629
05/02/2024,83.0284
02/02/2024,82.8406
01/02/2024,82.9553
31/01/2024,83.0805
30/01/2024,83.1190
29/01/2024,83.1494
25/01/2024,83.1155
24/01/2024,83.1457
23/01/2024,83.1029
19/01/2024,83.1338
18/01/2024,83.1243
17/01/2024,83.1310
16/01/2024,82.9774
15/01/2024,82.8530
12/01/2024,82.9881
11/01/2024,82.9415
10/01/2024,83.1548
09/01/2024,83.1289
08/01/2024,83.0687
05/01/2024,83.1760
04/01/2024,83.3002
03/01/2024,83.3242
02/01/2024,83.3282
01/01/2024,83.1975
29/12/2023,83.1164
28/12/2023,83.2254
27/12/2023,83.3226
26/12/2023,83.1703
22/12/2023,83.2493
21/12/2023,83.2729
20/12/2023,83.1523
19/12/2023,83.1790
18/12/2023,83.0173
15/12/2023,83.1802
14/12/2023,83.3500
13/12/2023,83.3950
12/12/2023,83.3800
11/12/2023,83.3872
08/12/2023,83.3681
07/12/2023,83.3650
06/12/2023,83.3544
05/12/2023,83.3931
04/12/2023,83.3357
01/12/2023,83.3602
30/11/2023,83.3500
29/11/2023,83.3191
28/11/2023,83.3926
24/11/2023,83.3675
23/11/2023,83.3571
22/11/2023,83.3375
21/11/2023,83.3466
20/11/2023,83.3309
17/11/2023,83.2646
16/11/2023,83.2388
15/11/2023,83.1272
13/11/2023,83.3248
10/11/2023,83.3530
09/11/2023,83.2808
08/11/2023,83.2691
07/11/2023,83.2650
06/11/2023,83.2213
03/11/2023,83.2669
02/11/2023,83.2630
01/11/2023,83.2843
31/10/2023,83.2692
30/10/2023,83.2676
27/10/2023,83.2518
26/10/2023,83.2439
25/10/2023,83.1518
23/10/2023,83.1663
20/10/2023,83.1982
19/10/2023,83.2746
18/10/2023,83.2571
17/10/2023,83.2555
16/10/2023,83.2632
13/10/2023,83.2574
12/10/2023,83.1834
11/10/2023,83.2368
10/10/2023,83.2556
09/10/2023,83.2542
06/10/2023,83.2388
05/10/2023,83.2413
04/10/2023,83.2588
03/10/2023,83.1812
29/09/2023,83.0580
28/09/2023,83.1591
27/09/2023,83.2188
26/09/2023,83.2328
25/09/2023,83.0968
22/09/2023,82.9477
21/09/2023,83.1511
20/09/2023,83.2553
18/09/2023,83.2102
15/09/2023,83.0557
14/09/2023,82.9760
13/09/2023,82.9527
12/09/2023,82.9760
11/09/2023,82.8809
08/09/2023,83.1589
07/09/2023,83.1829
06/09/2023,83.0902
05/09/2023,82.9440
04/09/2023,82.7373
01/09/2023,82.6648
31/08/2023,82.6784
30/08/2023,82.7698
29/08/2023,82.6498
28/08/2023,82.6126
25/08/2023,82.6523
24/08/2023,82.5517
23/08/2023,82.9218
22/08/2023,83.0670
21/08/2023,83.1146
18/08/2023,83.0905
17/08/2023,83.1263
14/08/2023,82.9521
11/08/2023,82.7796
10/08/2023,82.8372
09/08/2023,82.8166
08/08/2023,82.7968
07/08/2023,82.7431
04/08/2023,82.7978
03/08/2023,82.7171
02/08/2023,82.5347
01/08/2023,82.2833
31/07/2023,82.2481
28/07/2023,82.2465
27/07/2023,81.9923
26/07/2023,81.9880
25/07/2023,81.8088
24/07/2023,81.9246
21/07/2023,82.0217
20/07/2023,82.0446
19/07/2023,82.1029
18/07/2023,82.0486
17/07/2023,82.1460
14/07/2023,82.1021
13/07/2023,82.1201
12/07/2023,82.2817
11/07/2023,82.3533
10/07/2023,82.6335
07/07/2023,82.6773
06/07/2023,82.4572
05/07/2023,82.1616
04/07/2023,81.9689
03/07/2023,81.8630
30/06/2023,82.0428
28/06/2023,82.0124
27/06/2023,81.9620
26/06/2023,81.9729
23/06/2023,82.0510
22/06/2023,81.9188
21/06/2023,82.0951
20/06/2023,82.1157
19/06/2023,81.9658
16/06/2023,81.8834
15/06/2023,82.1982
14/06/2023,82.3141
13/06/2023,82.3907
12/06/2023,82.4553
09/06/2023,82.4251
08/06/2023,82.5795
07/06/2023,82.5339
06/06/2023,82.6396
05/06/2023,82.5768
02/06/2023,82.3175
01/06/2023,82.4562
31/05/2023,82.6773
30/05/2023,82.7332
29/05/2023,82.5497
26/05/2023,82.7182
25/05/2023,82.7477
24/05/2023,82.7207
23/05/2023,82.7961
22/05/2023,82.7982
19/05/2023,82.6989
18/05/2023,82.4783
17/05/2023,82.3695
16/05/2023,82.2735
15/05/2023,82.2841
12/05/2023,82.1606
11/05/2023,82.0431
10/05/2023,82.0240
09/05/2023,82.0231
08/05/2023,81.7606
04/05/2023,81.7353
03/05/2023,81.8552
02/05/2023,81.7625
28/04/2023,81.7829
27/04/2023,81.6526
26/04/2023,81.9155
25/04/2023,81.8994
24/04/2023,82.0495
21/04/2023,82.1542
20/04/2023,82.1635
19/04/2023,82.1202
18/04/2023,82.0734
17/04/2023,81.9456
13/04/2023,81.9755
12/04/2023,82.0712
11/04/2023,82.0881
10/04/2023,81.9105
06/04/2023,81.9753
05/04/2023,82.1892
03/04/2023,82.3867
31/03/2023,82.2169
29/03/2023,82.3603
28/03/2023,82.2068
27/03/2023,82.3558
24/03/2023,82.2378
23/03/2023,82.1590
21/03/2023,82.6799
20/03/2023,82.5030
17/03/2023,82.4663
16/03/2023,82.6841
15/03/2023,82.4955
14/03/2023,82.3619
13/03/2023,81.9132
10/03/2023,82.0147
09/03/2023,81.9159
08/03/2023,82.0890
06/03/2023,81.7448
03/03/2023,82.2643
02/03/2023,82.5555
01/03/2023,82.5467
28/02/2023,82.6816
27/02/2023,82.9145
24/02/2023,82.7432
23/02/2023,82.7628
22/02/2023,82.8434
21/02/2023,82.7562
20/02/2023,82.6902
17/02/2023,82.8085
16/02/2023,82.6414
15/02/2023,82.8621
14/02/2023,82.7163
13/02/2023,82.7046
10/02/2023,82.5787
09/02/2023,82.6103
08/02/2023,82.6746
07/02/2023,82.6959
06/02/2023,82.4540
03/02/2023,82.2296
02/02/2023,81.9536
01/02/2023,81.8494
31/01/2023,81.7387
30/01/2023,81.6552
27/01/2023,81.5445
25/01/2023,81.6263
24/01/2023,81.6020
23/01/2023,81.2757
20/01/2023,81.2196
19/01/2023,81.3577
18/01/2023,81.6480
17/01/2023,81.7727
16/01/2023,81.3719
13/01/2023,81.4328
12/01/2023,81.7187
11/01/2023,81.7029
10/01/2023,82.2108
09/01/2023,82.3662
06/01/2023,82.6348
05/01/2023,82.6973
04/01/2023,82.9052
03/01/2023,82.7817
02/01/2023,82.6287
30/12/2022,82.7862
29/12/2022,82.8346
28/12/2022,82.9183
27/12/2022,82.7936
26/12/2022,82.7373
23/12/2022,82.8685
22/12/2022,82.6679
21/12/2022,82.7736
20/12/2022,82.7902
19/12/2022,82.6405
16/12/2022,82.8184
15/12/2022,82.4822
14/12/2022,82.5170
13/12/2022,82.7154
12/12/2022,82.6425
09/12/2022,82.2092
08/12/2022,82.2844
07/12/2022,82.5391
06/12/2022,82.2800
05/12/2022,81.5855
02/12/2022,81.1771
01/12/2022,81.1512
30/11/2022,81.5970
29/11/2022,81.7121
28/11/2022,81.7545
25/11/2022,81.5289
24/11/2022,81.7655
23/11/2022,81.8165
22/11/2022,81.7742
21/11/2022,81.7732
18/11/2022,81.6975
17/11/2022,81.6335
16/11/2022,81.3354
15/11/2022,81.4280
14/11/2022,81.2332
11/11/2022,80.6483
10/11/2022,81.7421
09/11/2022,81.4800
07/11/2022,82.2112
04/11/2022,82.5287
03/11/2022,82.8835
02/11/2022,82.7650
01/11/2022,82.7126
31/10/2022,82.3934
28/10/2022,82.4092
27/10/2022,82.3889
25/10/2022,82.7626
21/10/2022,82.8619
20/10/2022,83.2042
19/10/2022,82.3735
18/10/2022,82.2279
17/10/2022,82.4047
14/10/2022,82.3877
13/10/2022,82.4013
12/10/2022,82.2411
11/10/2022,82.3901
10/10/2022,82.4028
07/10/2022,82.4000
06/10/2022,81.7044
04/10/2022,81.4267
03/10/2022,81.7417
30/09/2022,81.5522
29/09/2022,81.8633
28/09/2022,81.9005
27/09/2022,81.3720
26/09/2022,81.5750
23/09/2022,80.9165
22/09/2022,80.7246
21/09/2022,79.9226
20/09/2022,79.6778
19/09/2022,79.6657
16/09/2022,79.8180
15/09/2022,79.5830
14/09/2022,79.5837
13/09/2022,79.0640
12/09/2022,79.6776
09/09/2022,79.6358
08/09/2022,79.6712
07/09/2022,79.9220
06/09/2022,79.8893
05/09/2022,79.8936
02/09/2022,79.7888
01/09/2022,79.3970
30/08/2022,79.7194
29/08/2022,80.0906
26/08/2022,79.9097
25/08/2022,79.8705
24/08/2022,79.7927
23/08/2022,79.8903
22/08/2022,79.8703
19/08/2022,79.7528
18/08/2022,79.6667
17/08/2022,79.4335
11/08/2022,79.4881
10/08/2022,79.5033
08/08/2022,79.5785
05/08/2022,79.1158
04/08/2022,79.5427
03/08/2022,78.8427
02/08/2022,78.6082
01/08/2022,79.1690
29/07/2022,79.4203
28/07/2022,79.7434
27/07/2022,79.8967
26/07/2022,79.7948
25/07/2022,79.8488
22/07/2022,79.9101
21/07/2022,79.9763
20/07/2022,79.9738
19/07/2022,79.9478
18/07/2022,79.8958
15/07/2022,79.8797
14/07/2022,79.8710
13/07/2022,79.6592
12/07/2022,79.6401
11/07/2022,79.4098
08/07/2022,79.2499
07/07/2022,79.0235
06/07/2022,79.3320
05/07/2022,79.0790
04/07/2022,78.9866
01/07/2022,79.0940
30/06/2022,78.9421
29/06/2022,78.9376
28/06/2022,78.6966
27/06/2022,78.2890
24/06/2022,78.3308
23/06/2022,78.2662
22/06/2022,78.2115
21/06/2022,78.0861
20/06/2022,77.9960
17/06/2022,78.0875
16/06/2022,78.0864
15/06/2022,78.0755
14/06/2022,78.0015
13/06/2022,78.1430
10/06/2022,77.8400
09/06/2022,77.7870
08/06/2022,77.7251
07/06/2022,77.7239
06/06/2022,77.6718
03/06/2022,77.5994
02/06/2022,77.5883
01/06/2022,77.5554
31/05/2022,77.6641
30/05/2022,77.5115
27/05/2022,77.6592
26/05/2022,77.6262
25/05/2022,77.5137
24/05/2022,77.6352
23/05/2022,77.5890
20/05/2022,77.5829
19/05/2022,77.6999
18/05/2022,77.5716
17/05/2022,77.6510
13/05/2022,77.3543
12/05/2022,77.5868
11/05/2022,77.2641
10/05/2022,77.3537
09/05/2022,77.3679
06/05/2022,76.7470
05/05/2022,76.0887
04/05/2022,76.4841
02/05/2022,76.4346
29/04/2022,76.4242
28/04/2022,76.6167
27/04/2022,76.6414
26/04/2022,76.5612
25/04/2022,76.7366
22/04/2022,76.3279
21/04/2022,76.2091
20/04/2022,76.4183
19/04/2022,76.2797
18/04/2022,76.3737
13/04/2022,76.2248
12/04/2022,76.1127
24/07/2018,69.0530
09/07/2018,68.6573
06/07/2018,68.8757
05/07/2018,68.7545
04/07/2018,68.5312
03/07/2018,68.6935
02/07/2018,68.6227
29/06/2018,68.5753
28/06/2018,68.9389
27/06/2018,68.5246
26/06/2018,68.1676
25/06/2018,68.1466
22/06/2018,67.7695
21/06/2018,68.1950
20/06/2018,68.0838
19/06/2018,68.1511
18/06/2018,68.0248
15/06/2018,67.9739
14/06/2018,67.6875
13/06/2018,67.6251
12/06/2018,67.4571
11/06/2018,67.3353
08/06/2018,67.5228
07/06/2018,67.0181
06/06/2018,67.0397
05/06/2018,67.1794
04/06/2018,67.0543
01/06/2018,67.1840
31/05/2018,67.4526
30/05/2018,67.6288
29/05/2018,67.8201
28/05/2018,67.4430
25/05/2018,68.2600
24/05/2018,68.3872
23/05/2018,68.2139
22/05/2018,68.0187
21/05/2018,68.0883
18/05/2018,67.9577
17/05/2018,67.7156
16/05/2018,67.8276
15/05/2018,67.5288
14/05/2018,67.3153
11/05/2018,67.2203
10/05/2018,67.3786
09/05/2018,67.3815
08/05/2018,67.0809
07/05/2018,67.1060
04/05/2018,66.7681
03/05/2018,66.6093
02/05/2018,66.6636
27/04/2018,66.7801
26/04/2018,66.8299
25/04/2018,66.6983
24/04/2018,66.3622
23/04/2018,66.2177
20/04/2018,66.0167
19/04/2018,65.7837
18/04/2018,65.6814
17/04/2018,65.6124
16/04/2018,65.4476
13/04/2018,65.2226
12/04/2018,65.3496
11/04/2018,65.1272
10/04/2018,64.9368
09/04/2018,64.9287
06/04/2018,64.9884
05/04/2018,65.0601
04/04/2018,65.0232
03/04/2018,65.0240
28/03/2018,65.0441
27/03/2018,64.7973
26/03/2018,64.9055
23/03/2018,65.1333
22/03/2018,65.0622
21/03/2018,65.2162
20/03/2018,65.1993
19/03/2018,65.0375
16/03/2018,64.8737
15/03/2018,64.9366
14/03/2018,64.9875
13/03/2018,64.9567
12/03/2018,65.0199
09/03/2018,65.0784
08/03/2018,64.9212
07/03/2018,64.9627
06/03/2018,64.9941
05/03/2018,65.0530
01/03/2018,65.2261
28/02/2018,65.1031
27/02/2018,64.8514
26/02/2018,64.6639
23/02/2018,64.8227
22/02/2018,65.0458
21/02/2018,64.8161
20/02/2018,64.5254
16/02/2018,63.9097
15/02/2018,63.9222
14/02/2018,64.1259
12/02/2018,64.2838
09/02/2018,64.3686
08/02/2018,64.1616
07/02/2018,64.1377
06/02/2018,64.2723
05/02/2018,64.0295
02/02/2018,64.0781
01/02/2018,63.6113
31/01/2018,63.6878
30/01/2018,63.7534
29/01/2018,63.5470
25/01/2018,63.4983
24/01/2018,63.6439
23/01/2018,63.7722
22/01/2018,63.8895
19/01/2018,63.7183
18/01/2018,63.8431
17/01/2018,63.9797
16/01/2018,63.7602
15/01/2018,63.4125
12/01/2018,63.5263
11/01/2018,63.7364
10/01/2018,63.8264
09/01/2018,63.4690
08/01/2018,63.3482
05/01/2018,63.3823
04/01/2018,63.3914
03/01/2018,63.4833
02/01/2018,63.6728
01/01/2018,63.6697
29/12/2017,63.9273
28/12/2017,64.1716
27/12/2017,64.1577
26/12/2017,64.0538
22/12/2017,64.0409
21/12/2017,64.0883
20/12/2017,64.0577
19/12/2017,64.1205
18/12/2017,64.1065
15/12/2017,64.0958
14/12/2017,64.2798
13/12/2017,64.4525
12/12/2017,64.4834
11/12/2017,64.3616
08/12/2017,64.4649
07/12/2017,64.5388
06/12/2017,64.4467
05/12/2017,64.3764
04/12/2017,64.3799
30/11/2017,64.4332
29/11/2017,64.4058
28/11/2017,64.4206
27/11/2017,64.6948
24/11/2017,64.7328
23/11/2017,64.7949
22/11/2017,64.7453
21/11/2017,65.0386
20/11/2017,65.0565
17/11/2017,64.8462
16/11/2017,65.2969
15/11/2017,65.3689
14/11/2017,65.5171
13/11/2017,65.4272
10/11/2017,65.0147
09/11/2017,64.8967
08/11/2017,65.0592
07/11/2017,64.8064
06/11/2017,64.7267
03/11/2017,64.5764
02/11/2017,64.5930
01/11/2017,64.5256
31/10/2017,64.7745
30/10/2017,64.9338
27/10/2017,65.0931
26/10/2017,64.7888
25/10/2017,65.1386
24/10/2017,64.9256
23/10/2017,65.0239
18/10/2017,65.0649
17/10/2017,64.9226
16/10/2017,64.7603
13/10/2017,64.9301
12/10/2017,65.1003
11/10/2017,65.2691
10/10/2017,65.2652
09/10/2017,65.3074
06/10/2017,65.2276
05/10/2017,65.1758
04/10/2017,65.2899
03/10/2017,65.5529
29/09/2017,65.3552
28/09/2017,65.7604
27/09/2017,65.6947
26/09/2017,65.3371
25/09/2017,64.8357
22/09/2017,64.9596
21/09/2017,64.5256
20/09/2017,64.3637
19/09/2017,64.1769
18/09/2017,64.0371
15/09/2017,64.0774
14/09/2017,64.0692
13/09/2017,63.9818
12/09/2017,63.9474
11/09/2017,63.8859
08/09/2017,63.8664
07/09/2017,64.0276
06/09/2017,64.2146
05/09/2017,64.1164
04/09/2017,64.0468
01/09/2017,63.9804
31/08/2017,64.0154
30/08/2017,63.9431
29/08/2017,64.0174
28/08/2017,63.8701
24/08/2017,64.0676
23/08/2017,64.1272
22/08/2017,64.1099
21/08/2017,64.0285
18/08/2017,64.1048
16/08/2017,64.2428
14/08/2017,64.0253
11/08/2017,64.1693
10/08/2017,63.9437
09/08/2017,63.7491
08/08/2017,63.7382
07/08/2017,63.7375
04/08/2017,63.7091
03/08/2017,63.6314
02/08/2017,64.0690
01/08/2017,64.0683
31/07/2017,64.0773
28/07/2017,64.1483
27/07/2017,64.1216
26/07/2017,64.4208
25/07/2017,64.3580
24/07/2017,64.4494
21/07/2017,64.3185
20/07/2017,64.4273
19/07/2017,64.3211
18/07/2017,64.3301
17/07/2017,64.3666
14/07/2017,64.4539
13/07/2017,64.4384
12/07/2017,64.4969
11/07/2017,64.5025
10/07/2017,64.5405
07/07/2017,64.7342
06/07/2017,64.7779
05/07/2017,64.7209
04/07/2017,64.8168
03/07/2017,64.7525
30/06/2017,64.7379
29/06/2017,64.4715
28/06/2017,64.5288
27/06/2017,64.4572
23/06/2017,64.5365
22/06/2017,64.4950
21/06/2017,64.6025
20/06/2017,64.4672
19/06/2017,64.3788
16/06/2017,64.5883
15/06/2017,64.2801
14/06/2017,64.3141
13/06/2017,64.4453
12/06/2017,64.3407
09/06/2017,64.2584
08/06/2017,64.3554
07/06/2017,64.4538
06/06/2017,64.3516
05/06/2017,64.3485
02/06/2017,64.4208
01/06/2017,64.4704
31/05/2017,64.5459
30/05/2017,64.6336
29/05/2017,64.5565
26/05/2017,64.5945
25/05/2017,64.5088
24/05/2017,64.8586
23/05/2017,64.7751
22/05/2017,64.5632
19/05/2017,64.9906
18/05/2017,64.3441
17/05/2017,64.0214
16/05/2017,64.0758
15/05/2017,64.1188
12/05/2017,64.3043
11/05/2017,64.4380
09/05/2017,64.5065
08/05/2017,64.2154
05/05/2017,64.3079
04/05/2017,64.2115
03/05/2017,64.1439
02/05/2017,64.2072
28/04/2017,64.2170
27/04/2017,64.1141
26/04/2017,64.0013
25/04/2017,64.2776
24/04/2017,64.4757
21/04/2017,64.5701
20/04/2017,64.6364
19/04/2017,64.5443
18/04/2017,64.5657
17/04/2017,64.4053
13/04/2017,64.3165
12/04/2017,64.6920
11/04/2017,64.5438
10/04/2017,64.4418
07/04/2017,64.3928
06/04/2017,64.9791
05/04/2017,65.0438
03/04/2017,64.9103
31/03/2017,64.8386
30/03/2017,64.9325
29/03/2017,64.9552
27/03/2017,65.0892
24/03/2017,65.4581
23/03/2017,65.4220
22/03/2017,65.4881
21/03/2017,65.3117
20/03/2017,65.3827
17/03/2017,65.5411
16/03/2017,65.3836
15/03/2017,65.5146
14/03/2017,66.1800
10/03/2017,66.6880
09/03/2017,66.7707
08/03/2017,66.6362
07/03/2017,66.6347
06/03/2017,66.7559
03/03/2017,66.8354
02/03/2017,66.7433
01/03/2017,66.8482
28/02/2017,66.7375
27/02/2017,66.7249
23/02/2017,66.8351
22/02/2017,66.9644
20/02/2017,66.9771
17/02/2017,67.0467
16/02/2017,66.9468
15/02/2017,66.9193
14/02/2017,66.9439
13/02/2017,66.9663
10/02/2017,66.9367
09/02/2017,67.0123
08/02/2017,67.3058
07/02/2017,67.3692
06/02/2017,67.1958
03/02/2017,67.3825
02/02/2017,67.4480
01/02/2017,67.6458
31/01/2017,67.8125
30/01/2017,68.0426
27/01/2017,68.2043
25/01/2017,68.1556
24/01/2017,68.1570
23/01/2017,68.0843
20/01/2017,68.0883
19/01/2017,68.1766
18/01/2017,67.9364
17/01/2017,68.0509
16/01/2017,68.1558
13/01/2017,68.2310
12/01/2017,68.0858
11/01/2017,68.2276
10/01/2017,68.0641
09/01/2017,68.1863
06/01/2017,67.9522
05/01/2017,67.7884
04/01/2017,68.1791
03/01/2017,68.0864
02/01/2017,68.0225
30/12/2016,67.9547
29/12/2016,68.1241
28/12/2016,68.2250
27/12/2016,67.9967
26/12/2016,67.8331
23/12/2016,67.9117
22/12/2016,67.9136
21/12/2016,67.8724
20/12/2016,67.8954
19/12/2016,67.7262
16/12/2016,67.7777
15/12/2016,67.7994
14/12/2016,67.5604
13/12/2016,67.4867
09/12/2016,67.5840
08/12/2016,67.4325
07/12/2016,67.8707
06/12/2016,68.0322
05/12/2016,68.1703
02/12/2016,68.3689
01/12/2016,68.3734
30/11/2016,68.5260
29/11/2016,68.6535
28/11/2016,68.7235
25/11/2016,68.4626
24/11/2016,68.6560
23/11/2016,68.4772
22/11/2016,68.2317
21/11/2016,68.2575
18/11/2016,68.0937
17/11/2016,67.9106
16/11/2016,67.7791
15/11/2016,67.7173
11/11/2016,67.0292
10/11/2016,66.4273
09/11/2016,66.7968
08/11/2016,66.7073
07/11/2016,66.7301
04/11/2016,66.7219
03/11/2016,66.6942
02/11/2016,66.8294
01/11/2016,66.7140
28/10/2016,66.8566
27/10/2016,66.8854
26/10/2016,66.7621
25/10/2016,66.8777
24/10/2016,66.8625
21/10/2016,66.8943
20/10/2016,66.7411
19/10/2016,66.7145
18/10/2016,66.7268
17/10/2016,66.7779
14/10/2016,66.8481
13/10/2016,66.8473
10/10/2016,66.5856
07/10/2016,66.7875
06/10/2016,66.6322
05/10/2016,66.5699
04/10/2016,66.5559
03/10/2016,66.5330
30/09/2016,66.6596
29/09/2016,66.5521
28/09/2016,66.4482
27/09/2016,66.4627
26/09/2016,66.7095
23/09/2016,66.6519
22/09/2016,66.8451
21/09/2016,67.0631
20/09/2016,67.0200
19/09/2016,66.8737
16/09/2016,66.8804
15/09/2016,67.0248
14/09/2016,66.9642
12/09/2016,66.9017
09/09/2016,66.5462
08/09/2016,66.4483
07/09/2016,66.3618
06/09/2016,66.5469
02/09/2016,66.8405
01/09/2016,66.9539
31/08/2016,66.9813
30/08/2016,67.0879
29/08/2016,67.1810
26/08/2016,67.0299
25/08/2016,67.0876
24/08/2016,67.1320
23/08/2016,67.0885
22/08/2016,67.1940
19/08/2016,66.9296
18/08/2016,66.7939
16/08/2016,66.8983
12/08/2016,66.8252
11/08/2016,66.8571
10/08/2016,66.7442
09/08/2016,66.9633
08/08/2016,66.7407
05/08/2016,66.8141
04/08/2016,66.9447
03/08/2016,66.9368
02/08/2016,66.7612
01/08/2016,66.7412
29/07/2016,67.0340
28/07/2016,67.0550
27/07/2016,67.2362
26/07/2016,67.3680
25/07/2016,67.2430
22/07/2016,67.1355
21/07/2016,67.2035
20/07/2016,67.1720
19/07/2016,67.1462
18/07/2016,67.1015
15/07/2016,67.0655
14/07/2016,66.9136
13/07/2016,67.2046
12/07/2016,67.1471
11/07/2016,67.1426
08/07/2016,67.4584
07/07/2016,67.4972
05/07/2016,67.4028
04/07/2016,67.1848
01/07/2016,67.4410
30/06/2016,67.6166
29/06/2016,67.7443
28/06/2016,67.8867
27/06/2016,67.9000
24/06/2016,68.0144
23/06/2016,67.3702
22/06/2016,67.5570
21/06/2016,67.4767
20/06/2016,67.4087
17/06/2016,67.1682
16/06/2016,67.2068
15/06/2016,67.1596
14/06/2016,67.1520
13/06/2016,67.0737
10/06/2016,66.7948
09/06/2016,66.6250
08/06/2016,66.7370
07/06/2016,66.8305
06/06/2016,66.9614
03/06/2016,67.2415
02/06/2016,67.2533
01/06/2016,67.3526
31/05/2016,67.2030
30/05/2016,67.3398
27/05/2016,67.0613
26/05/2016,67.2855
25/05/2016,67.4467
24/05/2016,67.7060
23/05/2016,67.3492
20/05/2016,67.4076
19/05/2016,67.2307
18/05/2016,66.9131
17/05/2016,66.7233
16/05/2016,66.8216
13/05/2016,66.7609
12/05/2016,66.5977
11/05/2016,66.6958
10/05/2016,66.7224
09/05/2016,66.4379
06/05/2016,66.5830
05/05/2016,66.5105
04/05/2016,66.5388
03/05/2016,66.2698
02/05/2016,66.3435
29/04/2016,66.5176
28/04/2016,66.4045
27/04/2016,66.5460
26/04/2016,66.7330
25/04/2016,66.6839
22/04/2016,66.4925
21/04/2016,66.2930
20/04/2016,66.2406
18/04/2016,66.6663
13/04/2016,66.4293
12/04/2016,66.4950
11/04/2016,66.3925
07/04/2016,66.4698
06/04/2016,66.5807
05/04/2016,66.3248
04/04/2016,66.2430
31/03/2016,66.3329
30/03/2016,66.4105
29/03/2016,66.5580
28/03/2016,66.6680
23/03/2016,66.8640
22/03/2016,66.5411
21/03/2016,66.5040
18/03/2016,66.6088
17/03/2016,66.8806
16/03/2016,67.3680
15/03/2016,67.2290
14/03/2016,67.0230
11/03/2016,67.0868
10/03/2016,67.0510
09/03/2016,67.4632
08/03/2016,67.3380
04/03/2016,67.2713
03/03/2016,67.3786
02/03/2016,67.7022
01/03/2016,68.1580
29/02/2016,68.6160
26/02/2016,68.7775
25/02/2016,68.5990
24/02/2016,68.5650
23/02/2016,68.6408
22/02/2016,68.5517
18/02/2016,68.4940
17/02/2016,68.5920
16/02/2016,68.3360
15/02/2016,68.1348
12/02/2016,68.4365
11/02/2016,68.0155
10/02/2016,67.8781
09/02/2016,68.1623
08/02/2016,67.8190
05/02/2016,67.6365
04/02/2016,67.8093
03/02/2016,68.1825
02/02/2016,67.8340
01/02/2016,67.6728
29/01/2016,67.8763
28/01/2016,68.0858
27/01/2016,67.9803
25/01/2016,67.6428
22/01/2016,67.7480
21/01/2016,68.0600
20/01/2016,67.9774
19/01/2016,67.5630
18/01/2016,67.5880
15/01/2016,67.4325
14/01/2016,67.0950
13/01/2016,66.8394
12/01/2016,66.8905
11/01/2016,66.7885
08/01/2016,66.6690
07/01/2016,66.9115
06/01/2016,66.7165
05/01/2016,66.5418
04/01/2016,66.4623
01/01/2016,66.1780
31/12/2015,66.3260
30/12/2015,66.4243
29/12/2015,66.3700
28/12/2015,66.1380
23/12/2015,66.2020
22/12/2015,66.2985
21/12/2015,66.3240
18/12/2015,66.4235
17/12/2015,66.6488
16/12/2015,66.8468
15/12/2015,67.0435
14/12/2015,66.9940
11/12/2015,66.7860
10/12/2015,66.7905
09/12/2015,66.7500
08/12/2015,66.7983
07/12/2015,66.6263
04/12/2015,66.8365
03/12/2015,66.7450
02/12/2015,66.6158
01/12/2015,66.5180
30/11/2015,66.8148
27/11/2015,66.7503
26/11/2015,66.5507
24/11/2015,66.3840
23/11/2015,66.3490
20/11/2015,66.0940
19/11/2015,66.1105
18/11/2015,66.1138
17/11/2015,65.9805
16/11/2015,66.1690
13/11/2015,66.1390
10/11/2015,66.3495
09/11/2015,66.3378
06/11/2015,65.7910
05/11/2015,65.6755
04/11/2015,65.5680
03/11/2015,65.4510
02/11/2015,65.4793
30/10/2015,65.2231
29/10/2015,65.1515
28/10/2015,65.0408
27/10/2015,64.9553
26/10/2015,64.9603
23/10/2015,64.8815
21/10/2015,65.1513
20/10/2015,64.8908
19/10/2015,64.8178
16/10/2015,64.9697
15/10/2015,64.8240
14/10/2015,65.1123
13/10/2015,65.0215
12/10/2015,64.7260
09/10/2015,64.7848
08/10/2015,65.1570
07/10/2015,65.2571
06/10/2015,65.3908
05/10/2015,65.2905
01/10/2015,65.5540
30/09/2015,65.7418
29/09/2015,66.1843
28/09/2015,66.0805
24/09/2015,66.0993
23/09/2015,65.9696
22/09/2015,65.6250
21/09/2015,65.7531
18/09/2015,65.9255
16/09/2015,66.5000
15/09/2015,66.4383
14/09/2015,66.3708
11/09/2015,66.3866
10/09/2015,66.5840
09/09/2015,66.2945
08/09/2015,66.6060
07/09/2015,66.7445
04/09/2015,66.4003
03/09/2015,66.2280
02/09/2015,66.1638
01/09/2015,66.2603
31/08/2015,66.3062
28/08/2015,66.0808
27/08/2015,66.0605
26/08/2015,66.1610
25/08/2015,66.7090
24/08/2015,66.5093
21/08/2015,65.8298
20/08/2015,65.2385
19/08/2015,65.2525
17/08/2015,65.2200
14/08/2015,65.1225
13/08/2015,64.9212
12/08/2015,64.8270
11/08/2015,64.1732
10/08/2015,63.7590
07/08/2015,63.8061
06/08/2015,63.7603
05/08/2015,63.8159
04/08/2015,63.9315
03/08/2015,63.9623
31/07/2015,64.0054
30/07/2015,64.0061
29/07/2015,63.8943
28/07/2015,64.0270
27/07/2015,64.0028
24/07/2015,63.8916
23/07/2015,63.7138
22/07/2015,63.5283
21/07/2015,63.6506
20/07/2015,63.5510
17/07/2015,63.4928
16/07/2015,63.4955
15/07/2015,63.3847
14/07/2015,63.4978
13/07/2015,63.4655
10/07/2015,63.3793
09/07/2015,63.5065
08/07/2015,63.5690
07/07/2015,63.3749
06/07/2015,63.5785
03/07/2015,63.3963
02/07/2015,63.5705
01/07/2015,63.6223
30/06/2015,63.7549
29/06/2015,63.9170
26/06/2015,63.6042
25/06/2015,63.6121
24/06/2015,63.6600
23/06/2015,63.6406
22/06/2015,63.5098
19/06/2015,63.8195
18/06/2015,63.8495
17/06/2015,64.1135
16/06/2015,64.1505
15/06/2015,64.0868
12/06/2015,64.0301
11/06/2015,63.8910
10/06/2015,63.8849
09/06/2015,63.9360
08/06/2015,64.1100
05/06/2015,63.8955
04/06/2015,64.1775
03/06/2015,63.8515
02/06/2015,63.8330
01/06/2015,63.6083
29/05/2015,63.7615
28/05/2015,63.9010
27/05/2015,63.9475
26/05/2015,63.8450
25/05/2015,63.6228
22/05/2015,63.5728
21/05/2015,63.7000
20/05/2015,63.8655
19/05/2015,63.6868
18/05/2015,63.5543
15/05/2015,63.5788
14/05/2015,63.8380
13/05/2015,64.1895
12/05/2015,64.2020
11/05/2015,63.8495
08/05/2015,64.0493
07/05/2015,63.8800
06/05/2015,63.6425
05/05/2015,63.5194
30/04/2015,63.5780
29/04/2015,63.2025
28/04/2015,63.3305
27/04/2015,63.6115
24/04/2015,63.4006
23/04/2015,63.1850
22/04/2015,62.8183
21/04/2015,62.9200
20/04/2015,62.5633
17/04/2015,62.3460
16/04/2015,62.3685
15/04/2015,62.4026
13/04/2015,62.3885
10/04/2015,62.3660
09/04/2015,62.2560
08/04/2015,62.3295
07/04/2015,62.3321
06/04/2015,62.1580
31/03/2015,62.5908
30/03/2015,62.6305
27/03/2015,62.6069
26/03/2015,62.6728
25/03/2015,62.3419
24/03/2015,62.1988
23/03/2015,62.2879
20/03/2015,62.4923
19/03/2015,62.4208
18/03/2015,62.6720
17/03/2015,62.6920
16/03/2015,62.8215
13/03/2015,62.6733
12/03/2015,62.5665
11/03/2015,62.7450
10/03/2015,62.6983
09/03/2015,62.6160
05/03/2015,62.2015
04/03/2015,61.8543
03/03/2015,61.8387
02/03/2015,61.8248
27/02/2015,61.7908
26/02/2015,61.9395
25/02/2015,62.0468
24/02/2015,62.2758
23/02/2015,62.1838
20/02/2015,62.2550
18/02/2015,62.2450
16/02/2015,62.2023
13/02/2015,62.1360
12/02/2015,62.4300
11/02/2015,62.1536
10/02/2015,61.9634
09/02/2015,62.1410
06/02/2015,61.7363
05/02/2015,61.8748
04/02/2015,61.6800
03/02/2015,61.7389
02/02/2015,61.8840
30/01/2015,61.7575
29/01/2015,61.4998
28/01/2015,61.4105
27/01/2015,61.4640
23/01/2015,61.4988
22/01/2015,61.6910
21/01/2015,61.6140
20/01/2015,61.8475
19/01/2015,61.6990
16/01/2015,61.8933
15/01/2015,61.7588
14/01/2015,62.1530
13/01/2015,62.1021
12/01/2015,62.1605
09/01/2015,62.3953
08/01/2015,62.9670
07/01/2015,63.4495
06/01/2015,63.3850
05/01/2015,63.3888
02/01/2015,63.2878
01/01/2015,63.3213
31/12/2014,63.3315
30/12/2014,63.7498
29/12/2014,63.6539
26/12/2014,63.6355
24/12/2014,63.4614
23/12/2014,63.4475
22/12/2014,63.1757
19/12/2014,63.0670
18/12/2014,63.3161
17/12/2014,63.5813
16/12/2014,63.4135
15/12/2014,62.6529
12/12/2014,62.4422
11/12/2014,62.2059
10/12/2014,61.9500
09/12/2014,61.8750
08/12/2014,61.9253
05/12/2014,61.8535
04/12/2014,61.8771
03/12/2014,61.8866
02/12/2014,61.9255
01/12/2014,62.1377
28/11/2014,61.9736
27/11/2014,61.8650
26/11/2014,61.8658
25/11/2014,61.9195
24/11/2014,61.7798
21/11/2014,61.8505
20/11/2014,62.1044
19/11/2014,61.8280
18/11/2014,61.8080
17/11/2014,61.6780
14/11/2014,61.6475
13/11/2014,61.5560
12/11/2014,61.4785
11/11/2014,61.5500
10/11/2014,61.4513
07/11/2014,61.5205
05/11/2014,61.3870
03/11/2014,61.4118
31/10/2014,61.4080
30/10/2014,61.4636
29/10/2014,61.3175
28/10/2014,61.3524
27/10/2014,61.2290
22/10/2014,61.2355
21/10/2014,61.2967
20/10/2014,61.2873
17/10/2014,61.6165
16/10/2014,61.4795
14/10/2014,61.1078
13/10/2014,61.2455
10/10/2014,61.1624
09/10/2014,61.0368
08/10/2014,61.4648
07/10/2014,61.3595
01/10/2014,61.7511
30/09/2014,61.6135
29/09/2014,61.4273
26/09/2014,61.5720
25/09/2014,61.0245
24/09/2014,61.0293
23/09/2014,60.8708
22/09/2014,60.7875
19/09/2014,60.8055
18/09/2014,61.0558
17/09/2014,60.9540
16/09/2014,61.1015
15/09/2014,60.9945
12/09/2014,60.8400
11/09/2014,60.9155
10/09/2014,60.8256
09/09/2014,60.4277
08/09/2014,60.2628
05/09/2014,60.4385
04/09/2014,60.4540
03/09/2014,60.5445
02/09/2014,60.6100
01/09/2014,60.4735
28/08/2014,60.4745
27/08/2014,60.4678
26/08/2014,60.4960
25/08/2014,60.4270
22/08/2014,60.4360
21/08/2014,60.7670
20/08/2014,60.6690
19/08/2014,60.7260
14/08/2014,61.0583
13/08/2014,61.2458
12/08/2014,61.1847
11/08/2014,61.1165
08/08/2014,61.5575
07/08/2014,61.4123
06/08/2014,61.3360
05/08/2014,60.8690
04/08/2014,61.0187
01/08/2014,60.8510
31/07/2014,60.2460
30/07/2014,60.1485
28/07/2014,60.1013
25/07/2014,60.1448
24/07/2014,60.0020
23/07/2014,60.1830
22/07/2014,60.2360
21/07/2014,60.1853
18/07/2014,60.3300
17/07/2014,60.1401
16/07/2014,60.1903
15/07/2014,60.2195
14/07/2014,60.0050
11/07/2014,60.1855
10/07/2014,59.8750
09/07/2014,59.7260
08/07/2014,59.7968
07/07/2014,59.9455
04/07/2014,59.7939
03/07/2014,59.7225
02/07/2014,59.9745
01/07/2014,60.1370
30/06/2014,60.0933
27/06/2014,60.0958
26/06/2014,60.1618
25/06/2014,60.2785
24/06/2014,60.1050
23/06/2014,60.1927
20/06/2014,60.2785
19/06/2014,60.0031
18/06/2014,60.1240
17/06/2014,60.3680
16/06/2014,60.0059
13/06/2014,59.4783
12/06/2014,59.3283
11/06/2014,59.3250
10/06/2014,59.2647
09/06/2014,59.0605
06/06/2014,59.1970
05/06/2014,59.2973
04/06/2014,59.3360
03/06/2014,59.2125
02/06/2014,59.1385
30/05/2014,59.0335
29/05/2014,58.8415
28/05/2014,59.0770
27/05/2014,59.0585
26/05/2014,58.5873
23/05/2014,58.4830
22/05/2014,58.5740
21/05/2014,58.7725
20/05/2014,58.7455
19/05/2014,58.4260
16/05/2014,58.8610
15/05/2014,59.4745
13/05/2014,59.8773
12/05/2014,59.7290
09/05/2014,60.0540
08/05/2014,59.9913
07/05/2014,60.0399
06/05/2014,60.2020
05/05/2014,60.0475
02/05/2014,60.2250
30/04/2014,60.3375
29/04/2014,60.5253
28/04/2014,60.5041
25/04/2014,61.1163
23/04/2014,61.0683
22/04/2014,60.7147
21/04/2014,60.3350
17/04/2014,60.3805
16/04/2014,60.2263
15/04/2014,60.2620
11/04/2014,60.2670
10/04/2014,60.2115
09/04/2014,60.0740
07/04/2014,59.9483
04/04/2014,60.3210
03/04/2014,60.1245
02/04/2014,59.6463
28/03/2014,60.0998
27/03/2014,60.1295
26/03/2014,60.1725
25/03/2014,60.4935
24/03/2014,60.7030
21/03/2014,61.0465
20/03/2014,61.1310
19/03/2014,61.0970
18/03/2014,60.9453
14/03/2014,61.5170
13/03/2014,61.0155
12/03/2014,61.0900
11/03/2014,60.6995
10/03/2014,61.1965
07/03/2014,60.9850
06/03/2014,61.3242
05/03/2014,61.8550
04/03/2014,61.9045
03/03/2014,61.8605
28/02/2014,62.0720
26/02/2014,61.9380
25/02/2014,61.9765
24/02/2014,62.1185
21/02/2014,62.1618
20/02/2014,62.2843
18/02/2014,62.1220
17/02/2014,61.9495
14/02/2014,62.2770
13/02/2014,62.2725
12/02/2014,62.1250
11/02/2014,62.4390
10/02/2014,62.1930
07/02/2014,62.3155
06/02/2014,62.5045
05/02/2014,62.4525
04/02/2014,62.6815
03/02/2014,62.6891
31/01/2014,62.4768
30/01/2014,62.7335
29/01/2014,62.2005
28/01/2014,62.9898
27/01/2014,62.7145
24/01/2014,62.1770
23/01/2014,61.9880
22/01/2014,61.9200
21/01/2014,61.5355
20/01/2014,61.6345
17/01/2014,61.3518
16/01/2014,61.5325
15/01/2014,61.5885
13/01/2014,61.5200
10/01/2014,61.9360
09/01/2014,62.1810
08/01/2014,62.2430
07/01/2014,62.3790
06/01/2014,62.3265
03/01/2014,62.4075
02/01/2014,61.9020
01/01/2014,61.9335
31/12/2013,61.8970
30/12/2013,62.0028
27/12/2013,62.0595
26/12/2013,61.9755
24/12/2013,61.8668
23/12/2013,61.9915
20/12/2013,62.2420
19/12/2013,62.3800
18/12/2013,61.9176
17/12/2013,61.9580
16/12/2013,62.1024
13/12/2013,62.1266
12/12/2013,61.6200
11/12/2013,61.3313
10/12/2013,61.2070
09/12/2013,61.1785
06/12/2013,61.6673
05/12/2013,61.6895
04/12/2013,62.3330
03/12/2013,62.3443
02/12/2013,62.2260
29/11/2013,62.3948
28/11/2013,62.3896
27/11/2013,62.3625
26/11/2013,62.4470
25/11/2013,62.5770
22/11/2013,63.0236
21/11/2013,62.8895
20/11/2013,62.5580
19/11/2013,62.2311
18/11/2013,62.6250
14/11/2013,63.0645
13/11/2013,63.6545
12/11/2013,63.5930
11/11/2013,63.2955
08/11/2013,62.7315
07/11/2013,62.5740
06/11/2013,61.9225
05/11/2013,61.7880
01/11/2013,61.9046
31/10/2013,61.4100
30/10/2013,61.4871
29/10/2013,61.4630
28/10/2013,61.5030
25/10/2013,61.6250
24/10/2013,61.4105
23/10/2013,61.5340
22/10/2013,61.7800
21/10/2013,61.4885
18/10/2013,61.2760
17/10/2013,61.5810
15/10/2013,61.6929
14/10/2013,61.3036
11/10/2013,61.1570
10/10/2013,62.1383
09/10/2013,61.9170
08/10/2013,61.6885
07/10/2013,61.7760
04/10/2013,61.4050
03/10/2013,61.9348
01/10/2013,62.3555
30/09/2013,62.7770
27/09/2013,61.8110
26/09/2013,62.2260
25/09/2013,62.6981
24/09/2013,62.6585
23/09/2013,62.5200
20/09/2013,62.2430
19/09/2013,61.7480
18/09/2013,63.1440
17/09/2013,63.3770
16/09/2013,62.4840
13/09/2013,63.7890
12/09/2013,63.6673
11/09/2013,63.9035
10/09/2013,64.2162
06/09/2013,65.9600
05/09/2013,66.0430
04/09/2013,67.0289
03/09/2013,66.8875
02/09/2013,65.8608
30/08/2013,66.5742
29/08/2013,67.7060
28/08/2013,68.3611
27/08/2013,65.6675
26/08/2013,64.2347
23/08/2013,64.6880
22/08/2013,65.4207
21/08/2013,63.4605
20/08/2013,63.7335
19/08/2013,62.3461
16/08/2013,61.8195
14/08/2013,61.5160
13/08/2013,61.4343
12/08/2013,60.8025
08/08/2013,61.1150
07/08/2013,61.3940
06/08/2013,61.5355
05/08/2013,60.8220
02/08/2013,60.8035
01/08/2013,60.7423
31/07/2013,61.1150
30/07/2013,59.8280
29/07/2013,59.2970
26/07/2013,58.9133
25/07/2013,58.9415
24/07/2013,59.4465
23/07/2013,59.6875
22/07/2013,59.4080
19/07/2013,59.7950
18/07/2013,59.7120
17/07/2013,59.3623
16/07/2013,59.3925
15/07/2013,60.0510
12/07/2013,59.8960
11/07/2013,59.6420
10/07/2013,60.1330
09/07/2013,60.0745
08/07/2013,61.0455
05/07/2013,60.3395
04/07/2013,60.0905
03/07/2013,60.1005
02/07/2013,59.4145
01/07/2013,59.1490
28/06/2013,59.6995
27/06/2013,60.5880
26/06/2013,59.8538
25/06/2013,59.7030
24/06/2013,59.7340
21/06/2013,59.3505
20/06/2013,59.7000
19/06/2013,58.7445
18/06/2013,58.4515
17/06/2013,57.7310
14/06/2013,57.7410
13/06/2013,58.4140
12/06/2013,58.2740
11/06/2013,58.9255
10/06/2013,57.7820
07/06/2013,56.7445
06/06/2013,56.8690
05/06/2013,56.4238
04/06/2013,56.6423
03/06/2013,56.5740
31/05/2013,56.4958
30/05/2013,56.0995
29/05/2013,56.2430
28/05/2013,55.7423
27/05/2013,55.6198
24/05/2013,55.6075
23/05/2013,55.9910
22/05/2013,55.5220
21/05/2013,55.0395
20/05/2013,55.0368
17/05/2013,54.8865
16/05/2013,54.7723
15/05/2013,54.7835
14/05/2013,54.6275
13/05/2013,54.9150
10/05/2013,54.5413
09/05/2013,54.2415
08/05/2013,54.1600
07/05/2013,54.2770
06/05/2013,53.9495
03/05/2013,53.9510
02/05/2013,53.7355
30/04/2013,54.2190
29/04/2013,54.2770
26/04/2013,54.2935
25/04/2013,54.1715
23/04/2013,54.2995
22/04/2013,54.1665
18/04/2013,54.0298
17/04/2013,53.9423
16/04/2013,54.3290
15/04/2013,54.6260
12/04/2013,54.4425
10/04/2013,54.5340
09/04/2013,54.4613
08/04/2013,54.7215
05/04/2013,54.8803
04/04/2013,54.6460
03/04/2013,54.3885
02/04/2013,54.3345
28/03/2013,54.3893
26/03/2013,54.2735
25/03/2013,54.0990
22/03/2013,54.3350
21/03/2013,54.2810
20/03/2013,54.3780
19/03/2013,54.2635
18/03/2013,54.2915
15/03/2013,54.1605
14/03/2013,54.4420
13/03/2013,54.1100
12/03/2013,54.3365
11/03/2013,54.2933
08/03/2013,54.4035
07/03/2013,54.7393
06/03/2013,54.7065
05/03/2013,54.6520
04/03/2013,55.0518
01/03/2013,54.4815
28/02/2013,53.7735
27/02/2013,53.8350
26/02/2013,54.0645
25/02/2013,54.0415
22/02/2013,54.4270
21/02/2013,54.4800
20/02/2013,54.0510
18/02/2013,54.2895
15/02/2013,53.9885
14/02/2013,53.8715
13/02/2013,53.8500
12/02/2013,53.9585
11/02/2013,53.6793
08/02/2013,53.5695
07/02/2013,53.1445
06/02/2013,53.0855
05/02/2013,53.2945
04/02/2013,52.9730
01/02/2013,53.3238
31/01/2013,53.2890
30/01/2013,53.5678
29/01/2013,53.7015
28/01/2013,53.8905
24/01/2013,53.8515
23/01/2013,53.7710
22/01/2013,53.5115
21/01/2013,53.8735
18/01/2013,53.9465
17/01/2013,54.6428
16/01/2013,54.8260
15/01/2013,54.5425
14/01/2013,54.6355
11/01/2013,54.5390
10/01/2013,54.6305
09/01/2013,54.9625
08/01/2013,55.3278
07/01/2013,54.9780
04/01/2013,54.8458
03/01/2013,54.4153
02/01/2013,54.3890
01/01/2013,54.8320
31/12/2012,54.7773
28/12/2012,54.8473
27/12/2012,54.8465
26/12/2012,54.9635
24/12/2012,55.0858
21/12/2012,55.0860
20/12/2012,54.8420
19/12/2012,54.7365
18/12/2012,54.8490
17/12/2012,54.6290
14/12/2012,54.3880
13/12/2012,54.2320
12/12/2012,54.2725
11/12/2012,54.3160
10/12/2012,54.3405
07/12/2012,54.2018
06/12/2012,54.4650
05/12/2012,54.5690
04/12/2012,54.9473
03/12/2012,54.5610
30/11/2012,54.5265
29/11/2012,55.2020
27/11/2012,55.7045
26/11/2012,55.6920
23/11/2012,55.3445
22/11/2012,55.1575
21/11/2012,55.2025
20/11/2012,54.9100
19/11/2012,54.9665
16/11/2012,54.9915
15/11/2012,54.9590
12/11/2012,54.9340
09/11/2012,54.3400
08/11/2012,54.4403
07/11/2012,54.2520
06/11/2012,54.5955
05/11/2012,54.0778
02/11/2012,53.6645
01/11/2012,53.7798
31/10/2012,54.1175
30/10/2012,54.1650
29/10/2012,53.8065
25/10/2012,53.6300
23/10/2012,53.5895
22/10/2012,53.6735
19/10/2012,53.7175
18/10/2012,52.9690
17/10/2012,52.7510
16/10/2012,52.8193
15/10/2012,53.1198
12/10/2012,52.7000
11/10/2012,53.0730
10/10/2012,53.0445
09/10/2012,52.3750
08/10/2012,52.2145
05/10/2012,51.6185
04/10/2012,51.9755
03/10/2012,52.3345
01/10/2012,52.7845
28/09/2012,52.6970
27/09/2012,53.2550
26/09/2012,53.5785
25/09/2012,53.5340
24/09/2012,53.2930
21/09/2012,53.9055
20/09/2012,54.3375
18/09/2012,54.2570
17/09/2012,53.9740
14/09/2012,54.7270
13/09/2012,55.4430
12/09/2012,55.2605
11/09/2012,55.5223
10/09/2012,55.3390
07/09/2012,55.5230
06/09/2012,55.9735
05/09/2012,55.8950
04/09/2012,55.5360
03/09/2012,55.4540
31/08/2012,55.7215
30/08/2012,55.6485
29/08/2012,55.6653
28/08/2012,55.7795
27/08/2012,55.5930
24/08/2012,55.3820
23/08/2012,55.1855
22/08/2012,55.5105
21/08/2012,55.5405
17/08/2012,55.7023
16/08/2012,55.9890
14/08/2012,55.6435
13/08/2012,55.4180
10/08/2012,55.3440
09/08/2012,55.1715
08/08/2012,55.1450
07/08/2012,55.4995
06/08/2012,55.4730
03/08/2012,56.0845
02/08/2012,55.7765
01/08/2012,55.4825
31/07/2012,55.8070
30/07/2012,55.4428
27/07/2012,55.4130
26/07/2012,55.9480
25/07/2012,56.3755
24/07/2012,56.0150
23/07/2012,55.7643
20/07/2012,55.1515
19/07/2012,55.3830
18/07/2012,55.3395
17/07/2012,55.1455
16/07/2012,54.9180
13/07/2012,55.6560
12/07/2012,55.6985
11/07/2012,55.3650
10/07/2012,55.8055
09/07/2012,56.0215
06/07/2012,55.4150
05/07/2012,55.0250
04/07/2012,54.5525
03/07/2012,54.8125
02/07/2012,55.8300
29/06/2012,56.3090
28/06/2012,56.9195
27/06/2012,57.2165
26/06/2012,57.0728
25/06/2012,56.5340
22/06/2012,56.9928
21/06/2012,56.4178
20/06/2012,55.8585
19/06/2012,56.0143
18/06/2012,55.5990
15/06/2012,55.7630
14/06/2012,55.7940
13/06/2012,55.8505
12/06/2012,56.0545
11/06/2012,55.2385
08/06/2012,55.3640
07/06/2012,55.1455
06/06/2012,55.4958
05/06/2012,55.5615
04/06/2012,55.5155
01/06/2012,55.9175
31/05/2012,56.4225
30/05/2012,56.0060
29/05/2012,55.5835
28/05/2012,55.2625
25/05/2012,55.7253
24/05/2012,56.2870
23/05/2012,55.9300
22/05/2012,54.8845
21/05/2012,54.6810
18/05/2012,54.8755
17/05/2012,54.3875
16/05/2012,54.2925
15/05/2012,53.8400
14/05/2012,53.7118
11/05/2012,53.6410
10/05/2012,53.3375
09/05/2012,53.4600
08/05/2012,52.8550
07/05/2012,53.3420
04/05/2012,53.7225
03/05/2012,53.2395
02/05/2012,52.9305
30/04/2012,52.5193
27/04/2012,52.6813
26/04/2012,52.5670
25/04/2012,52.4850
24/04/2012,52.7910
23/04/2012,52.2295
20/04/2012,51.9995
19/04/2012,51.8930
18/04/2012,51.5035
17/04/2012,51.6265
16/04/2012,51.6590
13/04/2012,51.4175
12/04/2012,51.4420
11/04/2012,51.5470
10/04/2012,51.2040
09/04/2012,51.2765
04/04/2012,51.0465
03/04/2012,50.5645
30/03/2012,51.1565
29/03/2012,51.1450
28/03/2012,50.9175
27/03/2012,50.9083
26/03/2012,51.3090
22/03/2012,50.9055
21/03/2012,50.5935
20/03/2012,50.2545
19/03/2012,50.1245
16/03/2012,50.3130
15/03/2012,50.2225
14/03/2012,49.9030
13/03/2012,49.8450
12/03/2012,49.9448
09/03/2012,50.0150
07/03/2012,50.5733
06/03/2012,50.0265
05/03/2012,49.7958
02/03/2012,49.3525
01/03/2012,49.1545
29/02/2012,48.9408
28/02/2012,49.1430
27/02/2012,49.0475
24/02/2012,49.0650
23/02/2012,49.2450
22/02/2012,49.2453
21/02/2012,49.0835
17/02/2012,49.2128
15/02/2012,49.2520
14/02/2012,49.3313
13/02/2012,49.3180
10/02/2012,49.6445
09/02/2012,49.2895
08/02/2012,49.0683
07/02/2012,48.9150
06/02/2012,48.6790
03/02/2012,48.9640
02/02/2012,49.1288
01/02/2012,49.5325
31/01/2012,49.6825
30/01/2012,49.5030
27/01/2012,49.6480
25/01/2012,50.0215
24/01/2012,49.9673
23/01/2012,50.2435
20/01/2012,50.3288
19/01/2012,50.2890
18/01/2012,50.6655
17/01/2012,51.0650
16/01/2012,51.6545
13/01/2012,51.4310
12/01/2012,51.8290
11/01/2012,51.7495
10/01/2012,52.2255
09/01/2012,52.7325
06/01/2012,52.7838
05/01/2012,52.7810
04/01/2012,53.1400
03/01/2012,53.2288
02/01/2012,53.2975
30/12/2011,53.2660
29/12/2011,53.3585
28/12/2011,53.2145
27/12/2011,52.8945
26/12/2011,52.8205
23/12/2011,52.7220
22/12/2011,52.7825
21/12/2011,52.6750
20/12/2011,53.0270
19/12/2011,52.9575
16/12/2011,52.8140
15/12/2011,54.2355
14/12/2011,53.5770
13/12/2011,53.4030
12/12/2011,52.4238
09/12/2011,52.2285
08/12/2011,51.7780
07/12/2011,51.4490
05/12/2011,51.3925
02/12/2011,51.3523
01/12/2011,51.6520
30/11/2011,52.1650
29/11/2011,51.9308
28/11/2011,51.9830
25/11/2011,52.1665
24/11/2011,52.2500
23/11/2011,52.1005
22/11/2011,52.7015
21/11/2011,51.7165
18/11/2011,51.3530
17/11/2011,50.7220
16/11/2011,50.9010
15/11/2011,50.5645
14/11/2011,50.0845
11/11/2011,50.2795
09/11/2011,49.7810
08/11/2011,49.3800
04/11/2011,49.0840
03/11/2011,49.3748
02/11/2011,49.2508
01/11/2011,49.0775
31/10/2011,48.8730
28/10/2011,48.8210
25/10/2011,49.6598
24/10/2011,49.8745
21/10/2011,50.0670
20/10/2011,49.7110
19/10/2011,49.1775
18/10/2011,49.1360
17/10/2011,48.8925
14/10/2011,49.0675
13/10/2011,49.0228
12/10/2011,49.2410
11/10/2011,49.0333
10/10/2011,49.0710
07/10/2011,49.1355
05/10/2011,49.1918
04/10/2011,49.2250
03/10/2011,49.4240
29/09/2011,48.9253
28/09/2011,48.9120
27/09/2011,49.1775
26/09/2011,49.6170
23/09/2011,49.6730
22/09/2011,48.8205
21/09/2011,47.8900
20/09/2011,48.2225
19/09/2011,47.7920
16/09/2011,47.4670
15/09/2011,47.8435
14/09/2011,47.8055
13/09/2011,47.0963
12/09/2011,46.9735
09/09/2011,46.3843
08/09/2011,46.1775
07/09/2011,46.0218
06/09/2011,46.1270
05/09/2011,45.9375
02/09/2011,45.8965
30/08/2011,46.0190
29/08/2011,45.8708
26/08/2011,46.0528
25/08/2011,46.1285
24/08/2011,45.7695
23/08/2011,45.6890
22/08/2011,45.9483
18/08/2011,45.6105
17/08/2011,45.3695
16/08/2011,45.2490
12/08/2011,45.3740
11/08/2011,45.2713
10/08/2011,45.2058
09/08/2011,45.1745
08/08/2011,44.9620
05/08/2011,44.8030
04/08/2011,44.4163
03/08/2011,44.3795
02/08/2011,44.2288
01/08/2011,44.0485
29/07/2011,44.1553
28/07/2011,44.1263
27/07/2011,43.9485
26/07/2011,44.2873
25/07/2011,44.4160
22/07/2011,44.3763
21/07/2011,44.4328
20/07/2011,44.4603
19/07/2011,44.5868
18/07/2011,44.5743
15/07/2011,44.5262
14/07/2011,44.5278
13/07/2011,44.5880
12/07/2011,44.6878
11/07/2011,44.3705
08/07/2011,44.3263
07/07/2011,44.4173
06/07/2011,44.3830
05/07/2011,44.4988
04/07/2011,44.4595
01/07/2011,44.5855
30/06/2011,44.7200
29/06/2011,44.9400
28/06/2011,45.0500
27/06/2011,45.1000
24/06/2011,44.9400
23/06/2011,44.9300
22/06/2011,44.8200
21/06/2011,44.9100
20/06/2011,44.9900
17/06/2011,44.9300
16/06/2011,44.9000
15/06/2011,44.6800
14/06/2011,44.7700
13/06/2011,44.8700
10/06/2011,44.7200
09/06/2011,44.7200
08/06/2011,44.6100
07/06/2011,44.7400
06/06/2011,44.7200
03/06/2011,44.8500
02/06/2011,44.9400
01/06/2011,44.8900
31/05/2011,45.0300
30/05/2011,45.1000
27/05/2011,45.2100
26/05/2011,45.2900
25/05/2011,45.3800
24/05/2011,45.2500
23/05/2011,45.2800
20/05/2011,44.9300
19/05/2011,44.9800
18/05/2011,45.0800
16/05/2011,45.0700
13/05/2011,44.9100
12/05/2011,44.7900
11/05/2011,44.6900
10/05/2011,44.7300
09/05/2011,44.7000
06/05/2011,44.7800
05/05/2011,44.5700
04/05/2011,44.5900
03/05/2011,44.3400
02/05/2011,44.3000
29/04/2011,44.3800
28/04/2011,44.3300
27/04/2011,44.4000
26/04/2011,44.5900
25/04/2011,44.4500
21/04/2011,44.3000
20/04/2011,44.3800
19/04/2011,44.6800
18/04/2011,44.2700
15/04/2011,44.5200
13/04/2011,44.4800
11/04/2011,44.2000
08/04/2011,44.0400
07/04/2011,44.2200
06/04/2011,44.2000
05/04/2011,44.4500
31/03/2011,44.6500
30/03/2011,44.7700
29/03/2011,44.6700
28/03/2011,44.7800
25/03/2011,44.6500
24/03/2011,44.7700
23/03/2011,44.9600
22/03/2011,44.9700
21/03/2011,45.0500
18/03/2011,45.0900
17/03/2011,45.2400
16/03/2011,45.1800
15/03/2011,45.2700
14/03/2011,45.1500
11/03/2011,45.2100
10/03/2011,45.1100
09/03/2011,45.0200
08/03/2011,45.0300
07/03/2011,45.1300
04/03/2011,44.9900
03/03/2011,44.9600
01/03/2011,45.1200
28/02/2011,45.1800
25/02/2011,45.3700
24/02/2011,45.3700
23/02/2011,45.2000
22/02/2011,45.2000
21/02/2011,45.1100
18/02/2011,45.1800
17/02/2011,45.3800
15/02/2011,45.4500
14/02/2011,45.5000
11/02/2011,45.7600
10/02/2011,45.5800
09/02/2011,45.3300
08/02/2011,45.3900
07/02/2011,45.5900
04/02/2011,45.6400
03/02/2011,45.6300
02/02/2011,45.6300
01/02/2011,45.8100
31/01/2011,45.9500
28/01/2011,45.7400
27/01/2011,45.5700
25/01/2011,45.5300
24/01/2011,45.5800
21/01/2011,45.7000
20/01/2011,45.5800
19/01/2011,45.3800
18/01/2011,45.5300
17/01/2011,45.5900
14/01/2011,45.3000
13/01/2011,45.1300
12/01/2011,45.1600
11/01/2011,45.3200
10/01/2011,45.4400
07/01/2011,45.3700
06/01/2011,45.3100
05/01/2011,45.2000
04/01/2011,44.8400
03/01/2011,44.6700
31/12/2010,44.8100
30/12/2010,44.9000
29/12/2010,45.1200
28/12/2010,45.1700
27/12/2010,45.1500
24/12/2010,45.2300
23/12/2010,45.0200
22/12/2010,45.1300
21/12/2010,45.2600
20/12/2010,45.3800
16/12/2010,45.3900
15/12/2010,45.3200
14/12/2010,45.0100
13/12/2010,45.2500
10/12/2010,45.2200
09/12/2010,45.1700
08/12/2010,45.1200
07/12/2010,44.8400
06/12/2010,44.8500
03/12/2010,45.0900
02/12/2010,45.3700
01/12/2010,45.7000
30/11/2010,46.0400
29/11/2010,45.8100
26/11/2010,45.7400
25/11/2010,45.6400
24/11/2010,45.6600
23/11/2010,45.6100
22/11/2010,45.2900
19/11/2010,45.2600
18/11/2010,45.4500
16/11/2010,45.2200
15/11/2010,45.1400
12/11/2010,44.6400
11/11/2010,44.2500
10/11/2010,44.3900
09/11/2010,44.4000
08/11/2010,44.2600
04/11/2010,44.3200
03/11/2010,44.3600
02/11/2010,44.4300
01/11/2010,44.4200
29/10/2010,44.5400
28/10/2010,44.4900
27/10/2010,44.5200
26/10/2010,44.4300
25/10/2010,44.3600
22/10/2010,44.4600
21/10/2010,44.3600
20/10/2010,44.2900
19/10/2010,44.4600
18/10/2010,44.2600
15/10/2010,44.0300
14/10/2010,44.1800
13/10/2010,44.5000
12/10/2010,44.7400
11/10/2010,44.3000
08/10/2010,44.3800
07/10/2010,44.2800
06/10/2010,44.3000
05/10/2010,44.7200
04/10/2010,44.3700
01/10/2010,44.6800
29/09/2010,44.9200
28/09/2010,45.1300
27/09/2010,45.0400
24/09/2010,45.5400
23/09/2010,45.5900
22/09/2010,45.5300
21/09/2010,45.7300
20/09/2010,45.6100
17/09/2010,45.9700
16/09/2010,46.3000
15/09/2010,46.3700
14/09/2010,46.3700
13/09/2010,46.3100
09/09/2010,46.5600
08/09/2010,46.7000
07/09/2010,46.7100
06/09/2010,46.4800
03/09/2010,46.6700
02/09/2010,46.7800
01/09/2010,46.8700
31/08/2010,47.0800
30/08/2010,46.8400
27/08/2010,46.8600
26/08/2010,46.8100
25/08/2010,46.9300
24/08/2010,46.7900
23/08/2010,46.6100
20/08/2010,46.5800
18/08/2010,46.6400
17/08/2010,46.6800
16/08/2010,46.7800
13/08/2010,46.5800
12/08/2010,46.9400
11/08/2010,46.5400
10/08/2010,46.3000
09/08/2010,46.0700
06/08/2010,46.0200
05/08/2010,46.2300
04/08/2010,46.2200
03/08/2010,46.2200
02/08/2010,46.1900
30/07/2010,46.4600
29/07/2010,46.6300
28/07/2010,46.5700
27/07/2010,46.7600
26/07/2010,46.8600
23/07/2010,47.0000
22/07/2010,47.3300
21/07/2010,47.2500
20/07/2010,47.1000
19/07/2010,47.0800
16/07/2010,46.8000
15/07/2010,46.7400
14/07/2010,46.6300
13/07/2010,46.9300
12/07/2010,46.7300
09/07/2010,46.7500
08/07/2010,46.8500
07/07/2010,47.0800
06/07/2010,46.8000
05/07/2010,46.6900
02/07/2010,46.6800
01/07/2010,46.6800
30/06/2010,46.6000
29/06/2010,46.5200
28/06/2010,46.1600
25/06/2010,46.5400
24/06/2010,46.2400
23/06/2010,46.3100
22/06/2010,46.0400
21/06/2010,45.6400
18/06/2010,46.1400
17/06/2010,46.5000
16/06/2010,46.3500
15/06/2010,46.7300
14/06/2010,46.5700
11/06/2010,46.8200
10/06/2010,46.9800
09/06/2010,46.9800
08/06/2010,46.9500
07/06/2010,47.2800
04/06/2010,46.6700
03/06/2010,46.5200
02/06/2010,47.1900
01/06/2010,46.6900
31/05/2010,46.4500
28/05/2010,46.5400
26/05/2010,47.5700
25/05/2010,47.4000
24/05/2010,46.6700
21/05/2010,46.9500
20/05/2010,46.7500
19/05/2010,46.0000
18/05/2010,45.5500
17/05/2010,45.7200
14/05/2010,45.1000
13/05/2010,44.9900
12/05/2010,45.3300
11/05/2010,45.1400
10/05/2010,44.9600
07/05/2010,45.5800
06/05/2010,45.4000
05/05/2010,44.8700
04/05/2010,44.5600
03/05/2010,44.5600
30/04/2010,44.4400
29/04/2010,44.5700
28/04/2010,44.6000
27/04/2010,44.4500
26/04/2010,44.3300
23/04/2010,44.5400
22/04/2010,44.4500
21/04/2010,44.4100
20/04/2010,44.6100
19/04/2010,44.6000
16/04/2010,44.4900
15/04/2010,44.3800
13/04/2010,44.6200
12/04/2010,44.3500
09/04/2010,44.3500
08/04/2010,44.6900
07/04/2010,44.4200
06/04/2010,44.4500
05/04/2010,44.7300
31/03/2010,45.1400
30/03/2010,44.9400
29/03/2010,45.0800
26/03/2010,45.3400
25/03/2010,45.6300
23/03/2010,45.5600
22/03/2010,45.4900
19/03/2010,45.4800
18/03/2010,45.4900
17/03/2010,45.4100
15/03/2010,45.5800
12/03/2010,45.4500
11/03/2010,45.4700
10/03/2010,45.4100
09/03/2010,45.5400
08/03/2010,45.4300
05/03/2010,45.7800
04/03/2010,45.8200
03/03/2010,45.9000
02/03/2010,46.0200
26/02/2010,46.2300
25/02/2010,46.3600
24/02/2010,46.2500
23/02/2010,46.1300
22/02/2010,46.1600
19/02/2010,46.4700
18/02/2010,46.2200
17/02/2010,46.0200
16/02/2010,46.1800
15/02/2010,46.3800
11/02/2010,46.4600
10/02/2010,46.5600
09/02/2010,46.6800
08/02/2010,46.8100
05/02/2010,46.5600
04/02/2010,46.0900
03/02/2010,46.0400
02/02/2010,46.2500
01/02/2010,46.3400
29/01/2010,46.3700
28/01/2010,46.3100
27/01/2010,46.2900
25/01/2010,46.1800
22/01/2010,46.1700
21/01/2010,45.9700
20/01/2010,45.9500
19/01/2010,45.6200
18/01/2010,45.6600
15/01/2010,45.6700
14/01/2010,45.4800
13/01/2010,45.6800
12/01/2010,45.4000
11/01/2010,45.3600
08/01/2010,45.8000
07/01/2010,45.8700
06/01/2010,46.1200
05/01/2010,46.2000
04/01/2010,46.5100
01/01/2010,46.6500
31/12/2009,46.6800
30/12/2009,46.7300
29/12/2009,46.6900
24/12/2009,46.7600
23/12/2009,46.8500
22/12/2009,46.8000
21/12/2009,46.8000
18/12/2009,46.8500
17/12/2009,46.7800
16/12/2009,46.6800
15/12/2009,46.6400
14/12/2009,46.6600
11/12/2009,46.5200
10/12/2009,46.7200
09/12/2009,46.7700
08/12/2009,46.6700
07/12/2009,46.4400
04/12/2009,46.2500
03/12/2009,46.2200
02/12/2009,46.2700
01/12/2009,46.4500
30/11/2009,46.4800
27/11/2009,46.8100
26/11/2009,46.2700
25/11/2009,46.3400
24/11/2009,46.6000
23/11/2009,46.4900
20/11/2009,46.5800
19/11/2009,46.4100
18/11/2009,46.2600
17/11/2009,46.2500
16/11/2009,46.0900
13/11/2009,46.5000
12/11/2009,46.5000
11/11/2009,46.5700
10/11/2009,46.5300
09/11/2009,46.5800
06/11/2009,46.8200
05/11/2009,47.1300
04/11/2009,47.1300
03/11/2009,47.0400
30/10/2009,46.9600
29/10/2009,47.5200
28/10/2009,47.1500
27/10/2009,46.8300
26/10/2009,46.5800
23/10/2009,46.4500
22/10/2009,46.6600
21/10/2009,46.4400
20/10/2009,46.0400
16/10/2009,46.2700
15/10/2009,45.9100
14/10/2009,46.1600
12/10/2009,46.5800
09/10/2009,46.5000
08/10/2009,46.2800
07/10/2009,46.8200
06/10/2009,47.1600
05/10/2009,47.5300
01/10/2009,47.8600
29/09/2009,48.0400
25/09/2009,47.9800
24/09/2009,48.1000
23/09/2009,47.9600
22/09/2009,48.1700
18/09/2009,48.1800
17/09/2009,47.9700
16/09/2009,48.3600
15/09/2009,48.5700
14/09/2009,48.7000
11/09/2009,48.5100
10/09/2009,48.3700
09/09/2009,48.4700
08/09/2009,48.6500
07/09/2009,48.7500
04/09/2009,48.8900
03/09/2009,48.8800
02/09/2009,49.0600
01/09/2009,48.7300
31/08/2009,48.8800
28/08/2009,48.8700
27/08/2009,48.9800
26/08/2009,48.8300
25/08/2009,48.7900
24/08/2009,48.5000
21/08/2009,48.7400
20/08/2009,48.7000
18/08/2009,48.7400
17/08/2009,48.6800
14/08/2009,48.2700
13/08/2009,48.1400
12/08/2009,48.3500
11/08/2009,47.9400
10/08/2009,47.8100
07/08/2009,47.8600
06/08/2009,47.5800
05/08/2009,47.6700
04/08/2009,47.5400
03/08/2009,47.8700
31/07/2009,48.1600
30/07/2009,48.4900
29/07/2009,48.4700
28/07/2009,48.2100
27/07/2009,48.2100
24/07/2009,48.3800
23/07/2009,48.4400
22/07/2009,48.3700
21/07/2009,48.2700
20/07/2009,48.4300
17/07/2009,48.6900
16/07/2009,48.7400
15/07/2009,48.7200
14/07/2009,48.8400
13/07/2009,49.4000
10/07/2009,48.6900
09/07/2009,48.9200
08/07/2009,48.9200
07/07/2009,48.5200
06/07/2009,48.2200
03/07/2009,47.9900
02/07/2009,47.7900
01/07/2009,48.0900
30/06/2009,47.8700
29/06/2009,48.2000
26/06/2009,48.5100
25/06/2009,48.5300
24/06/2009,48.5300
23/06/2009,48.9100
22/06/2009,48.3900
19/06/2009,48.1300
18/06/2009,48.0600
17/06/2009,47.9100
16/06/2009,47.7600
15/06/2009,47.9400
12/06/2009,47.4100
11/06/2009,47.4200
10/06/2009,47.2700
09/06/2009,47.5900
08/06/2009,47.3800
05/06/2009,47.0800
04/06/2009,47.1600
03/06/2009,46.8400
02/06/2009,47.1400
01/06/2009,46.9900
29/05/2009,47.2900
28/05/2009,47.8300
27/05/2009,47.6700
26/05/2009,47.6300
25/05/2009,47.2200
22/05/2009,47.1900
21/05/2009,47.4000
20/05/2009,47.7100
19/05/2009,47.4900
18/05/2009,48.1700
15/05/2009,49.5500
14/05/2009,49.8300
13/05/2009,49.3400
12/05/2009,49.5900
11/05/2009,49.2300
08/05/2009,49.2500
07/05/2009,49.4600
06/05/2009,49.5000
05/05/2009,49.6500
04/05/2009,49.6800
29/04/2009,50.2200
28/04/2009,50.4400
27/04/2009,49.9800
24/04/2009,49.9400
23/04/2009,50.2200
22/04/2009,50.2000
21/04/2009,50.3600
20/04/2009,49.9500
17/04/2009,49.7100
16/04/2009,49.4900
15/04/2009,49.8800
13/04/2009,49.8600
09/04/2009,49.9100
08/04/2009,50.5300
06/04/2009,50.0000
02/04/2009,50.3000
31/03/2009,50.9500
30/03/2009,51.0800
26/03/2009,50.5400
25/03/2009,50.8300
24/03/2009,50.3100
23/03/2009,50.5200
20/03/2009,50.1400
19/03/2009,50.7700
18/03/2009,51.3500
17/03/2009,51.2500
16/03/2009,51.5800
13/03/2009,51.6700
12/03/2009,51.7000
09/03/2009,51.8000
06/03/2009,51.5100
05/03/2009,52.0600
04/03/2009,51.9300
03/03/2009,51.6600
02/03/2009,51.7500
27/02/2009,50.7300
26/02/2009,50.4100
25/02/2009,49.8200
24/02/2009,49.8900
19/02/2009,49.8500
18/02/2009,49.8500
17/02/2009,49.1600
16/02/2009,48.7200
13/02/2009,48.7200
12/02/2009,48.7200
11/02/2009,48.8200
10/02/2009,48.7000
09/02/2009,48.6000
06/02/2009,48.7300
05/02/2009,48.8200
04/02/2009,48.6500
03/02/2009,48.8000
02/02/2009,49.0100
30/01/2009,49.0200
29/01/2009,48.9000
28/01/2009,48.8700
27/01/2009,48.8500
23/01/2009,49.1900
22/01/2009,48.9300
21/01/2009,49.1200
20/01/2009,48.9900
19/01/2009,48.5600
16/01/2009,48.7700
15/01/2009,49.0800
14/01/2009,48.7000
13/01/2009,48.9100
12/01/2009,48.6000
09/01/2009,48.9200
07/01/2009,48.6100
06/01/2009,48.6800
05/01/2009,48.3700
02/01/2009,48.8900
01/01/2009,48.7300
